id_cliente;Nome;Telefone
1;Cliente 1;Null
2;Cliente 2;Null
3;Cliente 3;Null
4;Cliente 4;Null
5;Cliente 5;Null
6;Cliente 6;Null
7;Cliente 7;Null
8;Cliente 8;Null
9;Cliente 9;Null
10;Cliente 10;Null
11;Cliente 11;Null
12;Cliente 12;Null
13;Cliente 13;Null
14;Cliente 14;Null
15;Cliente 15;Null
16;Cliente 16;Null
17;Cliente 17;Null
18;Cliente 18;Null
19;Cliente 19;Null
20;Cliente 20;Null
21;Cliente 21;Null
22;Cliente 22;Null
23;Cliente 23;Null
24;Cliente 24;Null
25;Cliente 25;Null
26;Cliente 26;Null
27;Cliente 27;Null
28;Cliente 28;Null
29;Cliente 29;Null
30;Cliente 30;Null
31;Cliente 31;Null
32;Cliente 32;Null
33;Cliente 33;Null
34;Cliente 34;Null
35;Cliente 35;Null
36;Cliente 36;Null
37;Cliente 37;Null
38;Cliente 38;Null
39;Cliente 39;Null
40;Cliente 40;Null
41;Cliente 41;Null
42;Cliente 42;Null
43;Cliente 43;Null
44;Cliente 44;Null
45;Cliente 45;Null
46;Cliente 46;Null
47;Cliente 47;Null
48;Cliente 48;Null
49;Cliente 49;Null
50;Cliente 50;Null
51;Cliente 51;Null
52;Cliente 52;Null
53;Cliente 53;Null
54;Cliente 54;Null
55;Cliente 55;Null
56;Cliente 56;Null
57;Cliente 57;Null
58;Cliente 58;Null
59;Cliente 59;Null
60;Cliente 60;Null
61;Cliente 61;Null
62;Cliente 62;Null
63;Cliente 63;Null
64;Cliente 64;Null
65;Cliente 65;Null
66;Cliente 66;Null
67;Cliente 67;Null
68;Cliente 68;Null
69;Cliente 69;Null
70;Cliente 70;Null
71;Cliente 71;Null
72;Cliente 72;Null
73;Cliente 73;Null
74;Cliente 74;Null
75;Cliente 75;Null
76;Cliente 76;Null
77;Cliente 77;Null
78;Cliente 78;Null
79;Cliente 79;Null
80;Cliente 80;Null
81;Cliente 81;Null
82;Cliente 82;Null
83;Cliente 83;Null
84;Cliente 84;Null
85;Cliente 85;Null
86;Cliente 86;Null
87;Cliente 87;Null
88;Cliente 88;Null
89;Cliente 89;Null
90;Cliente 90;Null
91;Cliente 91;Null
92;Cliente 92;Null
93;Cliente 93;Null
94;Cliente 94;Null
95;Cliente 95;Null
96;Cliente 96;Null
97;Cliente 97;Null
98;Cliente 98;Null
99;Cliente 99;Null
100;Cliente 100;Null
101;Cliente 101;Null
102;Cliente 102;Null
103;Cliente 103;Null
104;Cliente 104;Null
105;Cliente 105;Null
106;Cliente 106;Null
107;Cliente 107;Null
108;Cliente 108;Null
109;Cliente 109;Null
110;Cliente 110;Null
111;Cliente 111;Null
112;Cliente 112;Null
113;Cliente 113;Null
114;Cliente 114;Null
115;Cliente 115;Null
116;Cliente 116;Null
117;Cliente 117;Null
118;Cliente 118;Null
119;Cliente 119;Null
120;Cliente 120;Null
121;Cliente 121;Null
122;Cliente 122;Null
123;Cliente 123;Null
124;Cliente 124;Null
125;Cliente 125;Null
126;Cliente 126;Null
127;Cliente 127;Null
128;Cliente 128;Null
129;Cliente 129;Null
130;Cliente 130;Null
131;Cliente 131;Null
132;Cliente 132;Null
133;Cliente 133;Null
134;Cliente 134;Null
135;Cliente 135;Null
136;Cliente 136;Null
137;Cliente 137;Null
138;Cliente 138;Null
139;Cliente 139;Null
140;Cliente 140;Null
141;Cliente 141;Null
142;Cliente 142;Null
143;Cliente 143;Null
144;Cliente 144;Null
145;Cliente 145;Null
146;Cliente 146;Null
147;Cliente 147;Null
148;Cliente 148;Null
149;Cliente 149;Null
150;Cliente 150;Null
151;Cliente 151;Null
152;Cliente 152;Null
153;Cliente 153;Null
154;Cliente 154;Null
155;Cliente 155;Null
156;Cliente 156;Null
157;Cliente 157;Null
158;Cliente 158;Null
159;Cliente 159;Null
160;Cliente 160;Null
161;Cliente 161;Null
162;Cliente 162;Null
163;Cliente 163;Null
164;Cliente 164;Null
165;Cliente 165;Null
166;Cliente 166;Null
167;Cliente 167;Null
168;Cliente 168;Null
169;Cliente 169;Null
170;Cliente 170;Null
171;Cliente 171;Null
172;Cliente 172;Null
173;Cliente 173;Null
174;Cliente 174;Null
175;Cliente 175;Null
176;Cliente 176;Null
177;Cliente 177;Null
178;Cliente 178;Null
179;Cliente 179;Null
180;Cliente 180;Null
181;Cliente 181;Null
182;Cliente 182;Null
183;Cliente 183;Null
184;Cliente 184;Null
185;Cliente 185;Null
186;Cliente 186;Null
187;Cliente 187;Null
188;Cliente 188;Null
189;Cliente 189;Null
190;Cliente 190;Null
191;Cliente 191;Null
192;Cliente 192;Null
193;Cliente 193;Null
194;Cliente 194;Null
195;Cliente 195;Null
196;Cliente 196;Null
197;Cliente 197;Null
198;Cliente 198;Null
199;Cliente 199;Null
200;Cliente 200;Null
201;Cliente 201;Null
202;Cliente 202;Null
203;Cliente 203;Null
204;Cliente 204;Null
205;Cliente 205;Null
206;Cliente 206;Null
207;Cliente 207;Null
208;Cliente 208;Null
209;Cliente 209;Null
210;Cliente 210;Null
211;Cliente 211;Null
212;Cliente 212;Null
213;Cliente 213;Null
214;Cliente 214;Null
215;Cliente 215;Null
216;Cliente 216;Null
217;Cliente 217;Null
218;Cliente 218;Null
219;Cliente 219;Null
220;Cliente 220;Null
221;Cliente 221;Null
222;Cliente 222;Null
223;Cliente 223;Null
224;Cliente 224;Null
225;Cliente 225;Null
226;Cliente 226;Null
227;Cliente 227;Null
228;Cliente 228;Null
229;Cliente 229;Null
230;Cliente 230;Null
231;Cliente 231;Null
232;Cliente 232;Null
233;Cliente 233;Null
234;Cliente 234;Null
235;Cliente 235;Null
236;Cliente 236;Null
237;Cliente 237;Null
238;Cliente 238;Null
239;Cliente 239;Null
240;Cliente 240;Null
241;Cliente 241;Null
242;Cliente 242;Null
243;Cliente 243;Null
244;Cliente 244;Null
245;Cliente 245;Null
246;Cliente 246;Null
247;Cliente 247;Null
248;Cliente 248;Null
249;Cliente 249;Null
250;Cliente 250;Null
251;Cliente 251;Null
252;Cliente 252;Null
253;Cliente 253;Null
254;Cliente 254;Null
255;Cliente 255;Null
256;Cliente 256;Null
257;Cliente 257;Null
258;Cliente 258;Null
259;Cliente 259;Null
260;Cliente 260;Null
261;Cliente 261;Null
262;Cliente 262;Null
263;Cliente 263;Null
264;Cliente 264;Null
265;Cliente 265;Null
266;Cliente 266;Null
267;Cliente 267;Null
268;Cliente 268;Null
269;Cliente 269;Null
270;Cliente 270;Null
271;Cliente 271;Null
272;Cliente 272;Null
273;Cliente 273;Null
274;Cliente 274;Null
275;Cliente 275;Null
276;Cliente 276;Null
277;Cliente 277;Null
278;Cliente 278;Null
279;Cliente 279;Null
280;Cliente 280;Null
281;Cliente 281;Null
282;Cliente 282;Null
283;Cliente 283;Null
284;Cliente 284;Null
285;Cliente 285;Null
286;Cliente 286;Null
287;Cliente 287;Null
288;Cliente 288;Null
289;Cliente 289;Null
290;Cliente 290;Null
291;Cliente 291;Null
292;Cliente 292;Null
293;Cliente 293;Null
294;Cliente 294;Null
295;Cliente 295;Null
296;Cliente 296;Null
297;Cliente 297;Null
298;Cliente 298;Null
299;Cliente 299;Null
300;Cliente 300;Null
301;Cliente 301;Null
302;Cliente 302;Null
303;Cliente 303;Null
304;Cliente 304;Null
305;Cliente 305;Null
306;Cliente 306;Null
307;Cliente 307;Null
308;Cliente 308;Null
309;Cliente 309;Null
310;Cliente 310;Null
311;Cliente 311;Null
312;Cliente 312;Null
313;Cliente 313;Null
314;Cliente 314;Null
315;Cliente 315;Null
316;Cliente 316;Null
317;Cliente 317;Null
318;Cliente 318;Null
319;Cliente 319;Null
320;Cliente 320;Null
321;Cliente 321;Null
322;Cliente 322;Null
323;Cliente 323;Null
324;Cliente 324;Null
325;Cliente 325;Null
326;Cliente 326;Null
327;Cliente 327;Null
328;Cliente 328;Null
329;Cliente 329;Null
330;Cliente 330;Null
331;Cliente 331;Null
332;Cliente 332;Null
333;Cliente 333;Null
334;Cliente 334;Null
335;Cliente 335;Null
336;Cliente 336;Null
337;Cliente 337;Null
338;Cliente 338;Null
339;Cliente 339;Null
340;Cliente 340;Null
341;Cliente 341;Null
342;Cliente 342;Null
343;Cliente 343;Null
344;Cliente 344;Null
345;Cliente 345;Null
346;Cliente 346;Null
347;Cliente 347;Null
348;Cliente 348;Null
349;Cliente 349;Null
350;Cliente 350;Null
351;Cliente 351;Null
352;Cliente 352;Null
353;Cliente 353;Null
354;Cliente 354;Null
355;Cliente 355;Null
356;Cliente 356;Null
357;Cliente 357;Null
358;Cliente 358;Null
359;Cliente 359;Null
360;Cliente 360;Null
361;Cliente 361;Null
362;Cliente 362;Null
363;Cliente 363;Null
364;Cliente 364;Null
365;Cliente 365;Null
366;Cliente 366;Null
367;Cliente 367;Null
368;Cliente 368;Null
369;Cliente 369;Null
370;Cliente 370;Null
371;Cliente 371;Null
372;Cliente 372;Null
373;Cliente 373;Null
374;Cliente 374;Null
375;Cliente 375;Null
376;Cliente 376;Null
377;Cliente 377;Null
378;Cliente 378;Null
379;Cliente 379;Null
380;Cliente 380;Null
381;Cliente 381;Null
382;Cliente 382;Null
383;Cliente 383;Null
384;Cliente 384;Null
385;Cliente 385;Null
386;Cliente 386;Null
387;Cliente 387;Null
388;Cliente 388;Null
389;Cliente 389;Null
390;Cliente 390;Null
391;Cliente 391;Null
392;Cliente 392;Null
393;Cliente 393;Null
394;Cliente 394;Null
395;Cliente 395;Null
